{
  "version": 1,
  "author": "Arvind Patil",
  "editor": "wokwi",
  "parts": [
    { "type": "wokwi-arduino-uno", "id": "uno", "top": 10.2, "left": 57, "attrs": {} },
    { "type": "wokwi-ili9341", "id": "lcd1", "top": -85.6, "left": -134.7, "attrs": {} }
  ],
  "connections": [
    [ "lcd1:VCC", "uno:5V", "red", [ "v19.2", "h297.6" ] ],
    [ "lcd1:GND", "uno:GND.2", "black", [ "v28.8", "h307.2" ] ],
    [ "lcd1:CS", "uno:10", "purple", [ "v38.4", "h288" ] ],
    [ "lcd1:D/C", "uno:9", "yellow", [ "v48", "h268.8", "v-230.4" ] ],
    [ "lcd1:MOSI", "uno:11", "white", [ "v57.6", "h230.39" ] ],
    [ "lcd1:SCK", "uno:13", "gold", [ "v9.6", "h182.39", "v-172.8", "h28.8" ] ]
  ],
  "dependencies": {}
}