{
  "version": 1,
  "author": "Uri Shaked",
  "editor": "wokwi",
  "parts": [
    { "type": "board-stm32-bluepill", "id": "stm32", "top": -49.36, "left": -80.43, "attrs": {} },
    { "type": "wokwi-ili9341", "id": "lcd1", "top": -85.6, "left": 86.1, "attrs": {} }
  ],
  "connections": [
    [ "stm32:A10", "$serialMonitor:TX", "green", [] ],
    [ "stm32:A9", "$serialMonitor:RX", "green", [] ],
    [ "stm32:A7", "lcd1:MOSI", "gold", [ "h65.27", "v211.2", "h124.81" ] ],
    [ "stm32:A5", "lcd1:SCK", "violet", [ "h55.67", "v201.6", "h144.01" ] ],
    [ "lcd1:VCC", "stm32:5V.1", "red", [ "v9.6", "h-230.4", "v-86.4" ] ],
    [ "lcd1:GND", "stm32:GND.1", "black", [ "v19.2", "h-230.4", "v-86.4" ] ],
    [ "stm32:B7", "lcd1:D/C", "green", [ "h-38.4", "v144", "h278.4" ] ],
    [ "stm32:B6", "lcd1:CS", "purple", [ "h-48", "v144", "h268.8" ] ]
  ],
  "serialMonitor": { "display": "auto", "newline": "lf", "convertEol": false },
  "dependencies": {}
}